id,name,is_bot,roles
1109074304005582888,lttm,False,"(957854915194126339, 957854915194126336)"
696543388375449600,HuyVo,False,"(957854915227697163, 957854915194126336)"
1111323678261641216,Ng√¢n,False,"(957854915194126339, 957854915194126336)"
1185161514596966541,Nam,False,"(957854915194126339, 957854915194126336)"
721361840059318372,beo,False,"(957854915194126339, 957854915194126336)"
1192740838262976553,Duy Tran,False,"(957854915194126339, 957854915194126336)"
426078985936437268,Tr·∫ßn Nh·∫≠t Minh,False,"(957854915194126339, 957854915210915870, 957854915194126336)"
966705147625484298,DinhBich,False,"(957854915194126339, 957854915210915870, 957854915194126336)"
1044235492104872046,,False,"(957854915194126339, 957854915210915870, 957854915194126336)"
842793582900805653,broall,False,"(957854915227697163, 957854915210915870, 957854915194126336)"
1192677172016578562,ƒêo√†n Minh,False,"(957854915194126339, 957854915194126336)"
1129604950847135744,To Minh Duc - DS,False,"(957854915194126339, 957854915194126336)"
505898065019011072,do2601.bnb,False,"(957854915194126339, 957854915210915870, 957854915210915871, 957854915194126336)"
990467088168652822,Tien Pham,False,"(957854915194126339, 957854915194126336)"
1179370265881358339,Huong Nguyen,False,"(957854915194126339, 957854915194126336)"
1124561460157239376,Ph·∫°m Ng·ªçc Dung,False,"(957854915194126339, 957854915194126336)"
772255083684954133,OliverTran,False,"(957854915194126339, 957854915194126336)"
1008270386066100255,BaoKim DS,False,"(957854915194126339, 957854915194126336)"
698957741842235492,thuyduonghihi,False,"(957854915227697162, 957854915194126336)"
1212012050314825738,Minh Ph∆∞∆°ng,False,"(957854915194126339, 957854915194126336)"
1017940450079936522,Viet Nga_,False,"(957854915210915872, 957854915194126339, 957854915210915870, 957854915210915871, 957854915194126336)"
912266055190208543,,False,"(957854915194126339, 957854915194126336)"
764769371553529859,TuDien_DS,False,"(957854915194126339, 957854915194126336)"
1143492934281478185,V√¢n v√¢n,False,"(957854915194126339, 957854915194126336)"
410579582677417984,willnguyen,False,"(957854915194126339, 957854915194126336)"
993412512563347456,Jazmin,False,"(973873459945959424, 957854915194126338, 957854915210915875, 957854915210915874, 973873460411506719, 957854915194126336)"
886823799180386404,Valerie Hoang,False,"(957854915194126339, 957854915194126336)"
1039562693197180989,nhatphuc7692,False,"(957854915194126339, 957854915194126336)"
1218869746464854086,PhungHL,False,"(957854915194126339, 957854915194126336)"
1186165592034656326,Kim Ngan Pham,False,"(957854915227697162, 957854915194126339, 957854915194126336)"
1185194130960289813,Huy·ªÅn Nhi,False,"(957854915194126339, 957854915194126336)"
598945147170062356,Nguy·ªÖn Minh Anh,False,"(957854915210915872, 957854915210915873, 957854915194126338, 973873459945959424, 957854915227697162, 957854915227697163, 957854915210915871, 957854915210915870, 973873460411506719, 957854915194126336)"
1013655996134072360,Duy Dang,False,"(957854915210915872, 957854915210915873, 957854915227697162, 957854915227697163, 957854915210915870, 957854915210915871, 957854915194126336)"
945153245494542346,Jazmin Phan,False,"(957854915210915875, 957854915227697163, 973873460411506719, 957854915194126336)"
1204429789910274118,Khang Tr·∫ßn,False,"(957854915194126339, 957854915194126336)"
1214201348325773344,QuyPham,False,"(957854915194126339, 957854915194126336)"
889190766818234410,ducle,False,"(957854915194126339, 957854915194126336)"
642337557002190869,thawnglong,False,"(957854915194126339, 957854915210915870, 957854915194126336)"
366196413031514113,Trang Nguyen,False,"(957854915194126339, 957854915210915870, 957854915194126336)"
1170220091930050682,Chaunguyen,False,"(957854915194126339, 957854915194126336)"
1169908209516040255,JasmineQ,False,"(957854915194126339, 957854915194126336)"
542622084870963230,coderschool-sang,False,"(957854915194126337, 957854915227697162, 957854915210915870, 957854915194126336)"
758364235997904936,TOny,False,"(957854915194126339, 957854915194126336)"
591543143426555906,hodakho,False,"(957854915194126339, 957854915194126336)"
1124971274280648704,Tu·∫•n,False,"(957854915194126339, 957854915194126336)"
1200708690219630622,Tran Thuy Trang,False,"(957854915194126339, 957854915194126336)"
1171029884349456474,NGA NGA,False,"(957854915194126339, 957854915194126336)"
329457488883875851,lehungluan,False,"(957854915227697162, 957854915194126336)"
650912700423077898,T√¢m,False,"(957854915194126339, 957854915194126336)"
461893916443279360,Tien Le,False,"(957854915227697162, 957854915210915870, 957854915194126336)"
628850956917932055,Dat Nguyen,False,"(957854915194126339, 957854915194126336)"
1077168565255417968,Phuc Vo - DS,False,"(957854915227697162, 957854915194126336)"
332201958255493120,TanTran,False,"(957854915194126339, 957854915210915870, 957854915194126336)"
472612113173446657,johny,False,"(957854915194126339, 957854915194126336)"
1140555165531914340,ThaoNguyen_1987,False,"(957854915194126339, 957854915194126336)"
1019433397422137354,newbie00,False,"(957854915194126339, 957854915194126336)"
512315854415855616,Dzung,False,"(957854915194126339, 957854915210915870, 957854915210915871, 957854915194126336)"
856898337362280468,Lushie.D,False,"(957854915194126339, 957854915194126336)"
1019788790811865189,DucTran,False,"(957854915194126339, 957854915210915870, 957854915210915871, 957854915194126336)"
756792062682333275,phu_El8305,False,"(957854915194126339, 957854915194126336)"
915461069747654686,duhanhi,False,"(1097364307550949521, 957854915194126339, 957854915194126336)"
965952365201088562,Pham Phuong,False,"(957854915194126339, 957854915194126336)"
1180146319046750218,Nguyen Bien,False,"(957854915194126339, 957854915194126336)"
356374791151681536,Maverlous,False,"(957854915194126339, 957854915194126336)"
831158531952214046,thuydo,False,"(957854915194126339, 957854915210915870, 957854915210915871, 957854915194126336)"
840144266923343874,Nh√¢n Kevin_DS,False,"(957854915210915872, 957854915194126339, 957854915210915870, 957854915210915871, 957854915194126336)"
1158749949916348449,Hu·ª≥nh MInh Ho√†ng,False,"(957854915194126339, 957854915194126336)"
1038360882729713744,Blue.ha,False,"(957854915210915872, 957854915210915873, 957854915194126339, 957854915210915870, 957854915210915871, 957854915194126336)"
1085499410303172700,Duyen Tran,False,"(957854915227697162, 957854915194126336)"
501291979800313857,ChiNg,False,"(957854915194126339, 957854915194126336)"
1115205520706510919,Khai Nguyen CoderSchool,False,"(1126099899696562296, 957854915194126339, 957854915194126336)"
752786964847132713,Qu√¢n DS,False,"(957854915194126339, 957854915194126336)"
915172055899578368,,False,"(957854915194126339, 957854915194126336)"
1119672025791864913,linhtran,False,"(957854915194126339, 957854915194126336)"
916182464572031026,milubear,False,"(957854915194126339, 957854915194126336)"
1016341298816483460,quangtrung,False,"(957854915194126339, 957854915210915870, 957854915194126336)"
600223173404917779,H·∫±ng Nguy·ªÖn,False,"(957854915227697163, 957854915194126336)"
886824263028449321,Jenny Peace,False,"(957854915227697163, 957854915210915870, 957854915194126336)"
429294981115805706,Duy Anh,False,"(957854915194126339, 957854915210915870, 957854915210915871, 957854915194126336)"
1109739512550150254,TrungPham,False,"(957854915194126339, 957854915194126336)"
1180043212161822720,Hient,False,"(957854915194126339, 957854915194126336)"
983422516083179530,Ha Tran,False,"(957854915194126339, 957854915210915870, 957854915194126336)"
1058422921539891311,Trayden Nguyen,False,"(957854915194126339, 957854915194126336)"
784672549869977600,,False,"(957854915194126339, 957854915194126336)"
1082136237365788873,Th·∫°nh H∆∞ng,False,"(957854915210915872, 973873459945959424, 957854915227697162, 957854915210915871, 957854915210915870, 973873460411506719, 957854915194126336)"
1077439446296838144,Van Nguyen,False,"(973873459945959424, 957854915227697162, 957854915194126339, 1194665960376901773, 957854915194126336)"
763029502405902376,Huy V√µ,False,"(957854915194126339, 957854915194126336)"
508391840525975553,,True,"(973873197478989847, 957854915194126336)"
591902522432815104,Kieu Loan - DS,False,"(957854915194126339, 957854915194126336)"
978270030225629194,MTBuffalo,False,"(957854915194126339, 957854915194126336)"
1180159429765775520,Ly Nguyen,False,"(957854915194126339, 957854915194126336)"
1170199483980726314,Pham Viet,False,"(957854915194126339, 957854915194126336)"
416565171289587714,huy,False,"(957854915194126339, 957854915194126336)"
597834703629975560,Anh Nguyen,False,"(957854915194126339, 957854915194126336)"
861226995747913728,Khoa Nguyen_DS,False,"(957854915194126339, 957854915194126336)"
881098344909406219,trxhuynh,False,"(957854915194126339, 957854915194126336)"
1011897884062527499,Diem Luu,False,"(957854915227697162, 957854915194126336)"
1148165939733463132,JulieNg,False,"(957854915194126339, 957854915194126336)"
1015976608319942716,Nam L∆∞u,False,"(957854915227697163, 957854915194126336)"
1091992093410476073,,False,"(957854915194126339, 1092437472253857852, 957854915194126336)"
1190300779081388092,Aki Nguy·ªÖn,False,"(957854915194126339, 957854915194126336)"
972363481208717312,Qu·ª≥nh (Quinn),False,"(957854915227697162, 957854915194126336)"
966204002956111892,Ki√™n Tr∆∞·ªùng,False,"(957854915194126339, 957854915194126336)"
866310460986097684,Huong Ngo,False,"(957854915194126339, 957854915194126336)"
1169871605099401256,Duat,False,"(957854915194126339, 957854915194126336)"
1225397980522221631,S√°ng,False,"(957854915194126339, 957854915194126336)"
1154951294893690950,Quang Dao,False,"(957854915194126339, 957854915194126336)"
687165137550835734,VƒÉn,False,"(957854915194126339, 957854915194126336)"
1219116130698793091,Anthony,False,"(957854915194126339, 957854915194126336)"
1131150224920952853,quangnhat6799,False,"(1126099899696562296, 957854915194126339, 957854915194126336)"
775334272294453279,Tuan Pham - DS,False,"(957854915194126339, 957854915194126336)"
1054065156520411306,MinhAnhNg,False,"(957854915194126339, 957854915194126336)"
1035965386044223628,Th√†nh,False,"(957854915194126339, 957854915194126336)"
588289539345350663,baohuong,False,"(957854915194126339, 957854915194126336)"
1194247343596372110,Learner Success,False,"(957854915227697162, 957854915194126339, 957854915194126336)"
693011874517876797,B·ªôi H√¢n - DS,False,"(957854915194126339, 957854915194126336)"
1114559335822008331,van.cao1210,False,"(957854915194126339, 957854915194126336)"
959821131148324935,ThienLoc,False,"(957854915194126339, 957854915210915870, 957854915210915871, 957854915194126336)"
1223163671832952912,Hao Pham,False,"(957854915194126339, 1194665960376901773, 957854915194126336)"
1107836627109281842,Giang ƒê·ªó Tr∆∞·ªùng,False,"(957854915227697163, 957854915194126336)"
586283868990996481,Huu Phuc,False,"(957854915194126339, 957854915210915870, 957854915194126336)"
813695131252949003,huytung,False,"(1018872874217508924, 957854915194126336)"
1128726319828574378,Thang Ly (Colin),False,"(957854915227697163, 957854915194126336)"
831798178956574740,ThanhPhong,False,"(957854915194126339, 957854915194126336)"
988370816876036096,thanhthao14,False,"(957854915194126339, 957854915210915870, 957854915210915871, 957854915194126336)"
1170555887572762655,Hoang,False,"(957854915194126339, 957854915194126336)"
1179651966826197084,ƒêƒÉng Khoa,False,"(957854915194126339, 957854915194126336)"
694806631392870420,Annie,False,"(957854915210915872, 957854915194126339, 957854915210915870, 957854915210915871, 957854915194126336)"
491226500217962507,lukehoang,False,"(957854915210915877, 957854915210915870, 957854915210915871, 957854915194126336)"
1171072961080459384,Linny Nguyen,False,"(957854915194126339, 957854915194126336)"
1171024477149204490,Dquynhu,False,"(957854915194126339, 957854915194126336)"
1192704975147630612,Nhi,False,"(957854915194126339, 957854915194126336)"
972480442202718218,Victor Hieu Nguyen,False,"(957854915194126339, 957854915194126336)"
907563005343039488,Thu Th·∫£o,False,"(957854915194126339, 957854915194126336)"
576994735768731648,Gii Dolor√©s,False,"(957854915194126339, 957854915194126336)"
845971584527368192,Kos_Nhan,False,"(957854915194126339, 957854915227697163, 957854915194126336)"
1170383281737433229,Quang C·∫£nh,False,"(957854915194126339, 957854915194126336)"
1015275216135540757,CalvinLe,False,"(957854915194126339, 957854915194126336)"
1076163564345229463,V√¢n Anh,False,"(957854915194126339, 957854915194126336)"
595193063345881098,minhdh,False,"(957854915194126338, 957854915227697162, 957854915210915870, 957854915210915871, 957854915194126336)"
1209517847815131266,Jimmy Bui,False,"(957854915194126339, 957854915194126336)"
371900356373774336,ducminhlehoang,False,"(957854915194126339, 957854915194126336)"
957891037563605013,,True,"(957854915194126339, 957854915227697164, 957892707420880950, 957854915194126336)"
1192662289275428926,Tho Vo,False,"(957854915194126339, 957854915194126336)"
987984946197061663,cuongnguyen79,False,"(957854915227697163, 957854915210915870, 957854915210915871, 957854915194126336)"
668688535255121951,Hung Pham,False,"(957854915194126339, 957854915210915870, 957854915194126336)"
406664026802749450,Tu·∫•n Minh,False,"(957854915194126339, 957854915194126336)"
1008732187786477659,Milan Tran - DS,False,"(957854915194126339, 957854915210915870, 957854915194126336)"
727772480290422804,datphung239,False,"(957854915194126339, 957854915210915870, 957854915194126336)"
953977227425509386,Mayth,False,"(957854915194126339, 957854915194126336)"
265010463203393536,Dang Quang,False,"(957854915227697163, 957854915210915870, 957854915194126336)"
1003166420751884460,MioTu,False,"(957854915194126339, 957854915210915870, 957854915194126336)"
1039682586525569054,,False,"(957854915194126339, 957854915194126336)"
672418635364565002,X·∫° th·ªß Trung k·ª≥,False,"(957854915194126339, 957854915194126336)"
775674420768407562,careis * ‚ô° ÔΩ°‚úß,False,"(957854915227697162, 957854915194126336)"
1169931792778788874,Ngoc Nguyen,False,"(957854915194126339, 957854915194126336)"
965600330765205504,Hanh DS,False,"(957854915194126339, 957854915210915870, 957854915194126336)"
944455368321425499,trungngo87,False,"(957854915194126339, 957854915194126336)"
748725944482529302,,False,"(957854915194126339, 957854915194126336)"
747488747301371914,,False,"(973873459945959424, 957854915227697162, 957854915194126339, 957854915210915870, 957854915194126336)"
889337361002029078,Giang Ph√πng-DS,False,"(957854915194126339, 957854915194126336)"
783735921718722591,Huan Nguyen,False,"(957854915194126339, 957854915194126336)"
1185393433960009875,Uy√™n,False,"(957854915194126339, 957854915194126336)"
1150086050753040526,Chinh Nguyen,False,"(957854915194126339, 957854915194126336)"
1163469683769487551,Giang Nam,False,"(957854915194126339, 957854915194126336)"
988291998295400529,JasonNg,False,"(957854915194126339, 957854915210915870, 957854915210915871, 957854915194126336)"
538708392881946624,,False,"(957854915194126339, 957854915194126336)"
891659387171651595,hoangthu,False,"(957854915194126339, 957854915210915870, 957854915210915871, 957854915194126336)"
1154700638534516736,Kate,False,"(957854915194126339, 957854915194126336)"
1043753098381893642,phuc,False,"(957854915194126339, 957854915210915870, 957854915210915871, 957854915194126336)"
695255518729601075,quan,False,"(957854915194126339, 957854915194126336)"
1082292222671724564,Hang Mai,False,"(957854915227697162, 957854915194126336)"
942753343183388683,VicNg,False,"(957854915194126339, 957854915210915870, 957854915194126336)"
1015996070393827369,ƒêinh √Åi V√¢n,False,"(1097364307550949521, 957854915194126339, 957854915210915870, 957854915194126336)"
1060752309782581410,Vu Doan,False,"(957854915194126339, 957854915210915870, 957854915194126336)"
988941269520773241,TrangNguyen,False,"(957854915194126339, 957854915210915870, 957854915210915871, 957854915194126336)"
1005824405110263878,HoangHaiVu,False,"(1018872874217508924, 957854915194126336)"
959675157570535484,An Luong,False,"(957854915194126339, 957854915194126336)"
1010080554923860009,Hangle,False,"(957854915194126339, 957854915210915870, 957854915194126336)"
560691771487682560,sonhi310,False,"(957854915194126339, 957854915194126336)"
1087337198942162965,MinhHien,False,"(957854915194126339, 957854915194126336)"
395037764888035349,indomie_noodle,False,"(957854915194126339, 957854915210915870, 957854915194126336)"
913115401150402591,Hang Pham,False,"(957854915194126339, 957854915210915870, 957854915210915871, 957854915194126336)"
1130465692190257204,atng,False,"(957854915194126339, 957854915194126336)"
911563914590945291,,False,"(957854915227697163, 957854915194126336)"
1162363748951015466,Qu·ªëc Th·ªãnh - DS,False,"(957854915194126339, 957854915194126336)"
136231147389583360,Bao Pham,False,"(957854915194126339, 957854915210915870, 957854915194126336)"
887717968442708010,joyph,False,"(957854915194126339, 957854915194126336)"
580785783787618306,Haji,False,"(1087359176323383368, 957854915194126339, 957854915194126336)"
499103399468335105,Nikita Chan,False,"(957854915194126339, 957854915194126336)"
760862982140985386,Alex H,False,"(957854915194126339, 957854915194126336)"
862954754728788000,Nguy·ªÖn Trang,False,"(957854915194126339, 957854915194126336)"
1145755897226862602,ZhongRuan,False,"(957854915194126339, 957854915194126336)"
866581020904128542,Kelvin Mai ( Mai Thai Tung),False,"(1097364307550949521, 957854915194126339, 957854915194126336)"
1182702193409790075,Th·ª•c Hi·ªÅn CoderSchool,False,"(957854915194126339, 957854915194126336)"
361403477232058389,HanNguyen,False,"(957854915194126339, 957854915194126336)"
1129964732099596299,QuynhDoan,False,"(957854915194126339, 957854915194126336)"
1003854240877400085,Xu√¢n Th·∫£o_DS,False,"(957854915194126339, 957854915210915870, 957854915194126336)"
1091319292810760252,Phuc Nguyen,False,"(957854915194126339, 957854915194126336)"
1018876392148045924,GiangTranKT,False,"(1018872874217508924, 957854915194126336)"
712134849330151506,Hieu Pham,False,"(957854915210915872, 957854915210915873, 957854915194126338, 957854915210915874, 957854915210915878, 957854915210915870, 957854915210915871, 957854915194126336)"
1192680695949177006,phung1807,False,"(957854915194126339, 957854915194126336)"
906194703857364992,H√≤a Nguy·ªÖn,False,"(957854915194126339, 957854915194126336)"
626460324094279694,Lynn,False,"(957854915194126339, 957854915194126336)"
1127140277996494910,Nhung Le,False,"(957854915194126339, 957854915194126336)"
914383980898439168,H√†,False,"(957854915194126339, 957854915194126336)"
449455036117024778,To_Rin_H,False,"(957854915194126339, 957854915210915870, 957854915210915871, 957854915194126336)"
766299990443425843,Truong,False,"(957854915194126339, 957854915210915870, 957854915210915871, 957854915194126336)"
1034059018206978089,thanh.th,False,"(957854915194126339, 957854915194126336)"
454879593728311296,HiuNguyen,False,"(957854915194126339, 957854915194126336)"
856177488635625473,Vy - DS,False,"(957854915194126339, 957854915194126336)"
873957176144715857,beppiy,False,"(957854915194126339, 957854915194126336)"
1150493087525785680,Long DS,False,"(957854915194126339, 957854915194126336)"
838711193790447637,DoiGia - The Almighty Bat,False,"(957854915194126339, 957854915227697163, 957854915194126336)"
1219935553357611052,√Åi Khanh,False,"(957854915194126339, 957854915194126336)"
1174622050078441559,ƒêoan Trang,False,"(957854915194126339, 957854915194126336)"
1129781597445554186,Minnie,False,"(1126099899696562296, 957854915194126339, 957854915194126336)"
989027040848150538,vongocminhanh,False,"(957854915194126339, 957854915194126336)"
1119922625376944270,The Anh Dao,False,"(957854915194126339, 957854915194126336)"
957637255281917972,Linh Vuu,False,"(957854915227697163, 1018872874217508924, 957854915210915870, 957854915194126336)"
861835411973734420,ƒêƒÉng Khoa,False,"(957854915227697163, 957854915210915870, 957854915194126336)"
1092299966929719447,Nhi Do,False,"(957854915194126337, 957854915227697162, 957854915194126336)"
916985528056946688,uwansum?,False,"(957854915194126339, 957854915210915870, 957854915194126336)"
239790547940802560,Tr·ªãnh Ph∆∞·ªõc Th√†nh,False,"(957854915194126339, 957854915194126336)"
1199179618016575531,NghiNghi,False,"(957854915194126339, 957854915194126336)"
446539903711444992,QTheRealest,False,"(1097364307550949521, 957854915194126339, 957854915194126336)"
874694315266412584,chuxinh1302,False,"(957854915194126339, 957854915194126336)"
1048522093039456256,Thanh Ngoc - DS,False,"(957854915194126339, 957854915210915870, 957854915210915871, 957854915194126336)"
1091998511060488303,Nhung Nguyen,False,"(957854915194126339, 1092437472253857852, 1194665960376901773, 957854915194126336)"
1052895830983573524,Ph∆∞·ª£ng DS,False,"(957854915194126339, 957854915194126336)"
686034389167374586,Ha Chi Le,False,"(957854915194126339, 957854915194126336)"
748386455004381214,Minh Do - DS,False,"(957854915194126339, 957854915194126336)"
240277779415957504,Eat Moar Rice,False,"(957854915194126338, 957854915227697163, 973873460411506719, 957854915194126336)"
415363838763073537,ùîèùî¨ùî≥ùî¢ùî©ùî∂ùîèùî¨ùî´ùî§ùîèùî¨ùî´ùî§,False,"(957854915194126339, 957854915194126336)"
971410645406842920,,False,"(957854915227697162, 957854915227697163, 957854915194126336)"
1165858931143356470,Hai Au,False,"(957854915194126337, 957854915194126339, 957854915194126336)"
693154147834265610,Thong Vo,False,"(957854915227697163, 957854915194126336)"
1174931092424372335,LichMon,False,"(957854915194126339, 957854915194126336)"
581120350415224852,Ng·ªçc Minhüòáüê±,False,"(957854915194126339, 957854915194126336)"
1044250385591832606,,False,"(1087359176323383368, 957854915194126339, 957854915210915870, 957854915194126336)"
1223121612363137078,Le Doan Khanh,False,"(957854915194126339, 957854915194126336)"
965621546016182302,Lap Trinh,False,"(957854915194126339, 957854915194126336)"
1201575653783392336,hihihahahehekheckhec,False,"(957854915194126339, 957854915194126336)"
973524815065534514,Son Dang,False,"(957854915210915872, 957854915227697163, 957854915210915870, 957854915210915871, 957854915194126336)"
1133688632574746666,Tu Nguyen,False,"(957854915194126339, 957854915194126336)"
601814445886406726,huidong,False,"(957854915194126339, 957854915210915870, 957854915194126336)"
1163395738164793465,Mia Nguyen,False,"(957854915194126339, 957854915194126336)"
1110591675283284122,B√°ch,False,"(957854915194126339, 957854915194126336)"
1105118725889347666,Oliver Tr·∫ßn,False,"(957854915194126339, 957854915194126336)"
866661643487543326,,False,"(957854915194126339, 957854915194126336)"
1007553027735035925,linhvien,False,"(957854915227697163, 1018872874217508924, 957854915194126336)"
1119272234918355034,penguin,False,"(957854915194126339, 957854915194126336)"
409592123134836746,GazTrab,False,"(957854915194126339, 957854915194126336)"
918389681304010752,Ho√†ng Kh·∫£i,False,"(957854915194126339, 957854915194126336)"
1179992898108936284,HIENT,False,"(957854915194126339, 957854915194126336)"
1008731550248095895,An Dang,False,"(957854915194126339, 957854915210915870, 957854915194126336)"
1122889062466986085,mailananh0988,False,"(957854915194126339, 957854915194126336)"
1140564839291433021,Thuy Van,False,"(957854915194126339, 957854915194126336)"
772124084011663381,Diep Vu - DS,False,"(957854915194126339, 957854915210915870, 957854915194126336)"
470510806166011905,TriCuongDinh(Tommy),False,"(957854915194126339, 957854915194126336)"
1224631646142070825,Linh Bui,False,"(957854915194126339, 957854915194126336)"
1210445270542721096,Minhhkhoaa172,False,"(957854915194126339, 957854915194126336)"
1030444233183740024,NguyenBui,False,"(957854915194126339, 957854915210915870, 957854915210915871, 957854915194126336)"
1095608739962302505,HUONG LY NGUYEN,False,"(957854915194126339, 957854915194126336)"
505287372360122390,Khoa - DAE,False,"(957854915194126339, 957854915194126336)"
1170046046659948614,T·ªù R√∫c,False,"(957854915194126339, 957854915194126336)"
1221283648326598711,Louci,False,"(957854915194126339, 957854915194126336)"
1086217672833896488,Gia Khoa,False,"(957854915194126339, 957854915194126336)"
1017301326629187594,Xuanbui,False,"(1018872874217508924, 957854915194126336)"
828640685409173544,HaMinh,False,"(957854915194126339, 957854915194126336)"
1072839410074255462,,False,"(957854915194126339, 957854915194126336)"
1104080229330321579,hazelle,False,"(957854915194126339, 957854915194126336)"
618509872543039507,xiaoming,False,"(957854915194126339, 957854915210915870, 957854915194126336)"
865069751884972053,DavidH,False,"(957854915194126339, 957854915210915870, 957854915210915871, 957854915194126336)"
1193145021046726708,vo thanh quang,False,"(957854915194126339, 957854915194126336)"
1142741242355122208,DevilMadness,False,"(957854915194126339, 957854915194126336)"
815427758879408148,‚ô• ·¥ò·¥á·¥Ä Ä ü ‚ô•,False,"(957854915227697162, 957854915194126339, 1194665960376901773, 957854915194126336)"
951760212996538378,Kai Doan,False,"(957854915194126339, 957854915194126336)"
1156521240878653450,Son Vu,False,"(957854915194126339, 957854915227697163, 957854915194126336)"
1071088446015275068,Nguyen Thinh,False,"(957854915194126339, 957854915210915870, 957854915194126336)"
382327589680840755,,False,"(957854915194126339, 957854915210915870, 957854915194126336)"
1197747551139537001,vee,False,"(957854915194126339, 957854915194126336)"
1140165392682205225,L√™ Thu·∫≠n M·ªπ_DS,False,"(957854915194126339, 957854915194126336)"
929288491395842068,Ori_Chocopie,False,"(957854915194126339, 957854915194126336)"
848024466948096000,Thien_DS,False,"(957854915194126339, 957854915210915870, 957854915194126336)"
1071959216933326938,quangtran2601,False,"(957854915194126339, 957854915210915870, 957854915210915871, 957854915194126336)"
1111610137329811467,Tien Hoang,False,"(957854915194126339, 957854915194126336)"
893790516553076776,Quynh Anh Le Nguyen,False,"(957854915194126339, 957854915210915870, 957854915194126336)"
748543712832782377,Manh Nguyen,False,"(957854915227697163, 957854915210915870, 957854915194126336)"
291461097335291904,Lukewarm,False,"(973873459945959424, 957854915227697163, 957854915210915871, 957854915210915870, 973873460411506719, 957854915194126336)"
1129428329607479378,Mia Do,False,"(957854915194126339, 957854915194126336)"
814116669109960714,Dat nguyen,False,"(957854915194126339, 957854915194126336)"
1179347058205925444,TRINH TRUONG,False,"(957854915194126339, 957854915194126336)"
211485930073227264,shibaaa,False,"(957854915227697162, 957854915194126336)"
1192848609817939993,Ng·ªçc Hi·ªÉn,False,"(957854915194126339, 957854915194126336)"
1116011611975598142,Rin,False,"(957854915194126339, 957854915194126336)"
1088406714581274717,DuongNguyen,False,"(957854915194126339, 957854915194126336)"
276993111580999680,H·∫°c,False,"(957854915227697163, 957854915194126336)"
808689252070195241,Dzung,False,"(957854915194126339, 957854915210915870, 957854915210915871, 957854915194126336)"
886865933329653770,Quyen Ng,False,"(957854915227697163, 957854915210915870, 957854915194126336)"
1174648316231946284,Th·∫£o,False,"(957854915194126339, 957854915194126336)"
896250654501240882,Tuy·ªÅn,False,"(957854915194126339, 957854915194126336)"
844445951762235412,An V√†y,False,"(957854915194126339, 957854915194126336)"
1154704725745340476,Huong Ly - DAE,False,"(957854915194126339, 957854915194126336)"
523383779977461761,Th√°i Ng·ªçc R·∫°ng,False,"(957854915194126339, 957854915194126336)"
1219933898973380642,Ngantranne,False,"(957854915194126339, 957854915194126336)"
750017227884986419,VuongNguyen_DS,False,"(957854915194126339, 957854915210915870, 957854915210915871, 957854915194126336)"
806300948242628627,Quincy,False,"(957854915194126339, 957854915210915870, 957854915194126336)"
1142753858108543007,Quynh Lam,False,"(957854915194126339, 957854915194126336)"
1192684702428049499,Phung,False,"(957854915194126339, 957854915194126336)"
948744314840829972,An - DS,False,"(957854915194126339, 957854915210915870, 957854915194126336)"
855442239353913354,C√¥ng H·ªôi Phan,False,"(957854915227697163, 957854915210915870, 957854915210915871, 957854915194126336)"
806908852699922464,Ori_Chocopie,False,"(957854915194126339, 957854915194126336)"
712218732717408286,Nguyen Ngoc Hoang,False,"(957854915194126339, 957854915194126336)"
427426698032709633,thienan1612,False,"(957854915227697163, 957854915194126336)"
1153889881093853225,Bui Tan Phuong,False,"(957854915227697162, 957854915194126336)"
959318132391034931,BichNguyen,False,"(957854915194126339, 957854915194126336)"
484462675758284820,Nguyen The Huynh Ngan,False,"(957854915194126339, 957854915194126336)"
992621827308408832,Hieu Phan,False,"(957854915194126339, 957854915210915870, 957854915194126336)"
973855924185890846,beginner_henry,False,"(957854915194126339, 957854915210915870, 957854915210915871, 957854915194126336)"
1015259044409249895,DS_HoangKieu,False,"(957854915194126339, 957854915210915870, 957854915210915871, 957854915194126336)"
706710703834398751,tata,False,"(957854915227697163, 1018872874217508924, 957854915210915870, 957854915194126336)"
757903841747271690,thao89,False,"(957854915194126339, 957854915194126336)"
898482024426381322,,False,"(957854915227697162, 957854915194126336)"
1185023478320087176,Luong Viet Ha,False,"(957854915194126339, 957854915194126336)"
983323496685920336,Th∆∞-ph,False,"(957854915194126339, 957854915210915870, 957854915210915871, 957854915194126336)"
786890250009837598,NgocPhu,False,"(957854915227697163, 957854915210915870, 957854915194126336)"
959334560498323506,Duy Dang_DS,False,"(957854915194126339, 957854915210915870, 957854915210915871, 957854915194126336)"
1214150809198272546,M·ªπ Qu√¢n,False,"(957854915194126339, 957854915194126336)"
1135103235032613025,Phi,False,"(957854915227697163, 957854915194126336)"
753879462185140294,Khoa Ph√πng,False,"(957854915194126339, 957854915194126336)"
959359826712997898,,False,"(957854915194126339, 957854915210915870, 957854915210915871, 957854915194126336)"
949502763979636777,Ph∆∞∆°ng Anh,False,"(957854915194126339, 957854915194126336)"
998437220572725309,minhdao,False,"(957854915194126339, 957854915194126336)"
885411040647602236,HarrySon,False,"(973873459945959424, 957854915210915875, 957854915210915877, 957854915227697162, 1194665960376901773, 1126099899696562296, 957854915194126336)"
929212781083901972,t_perhaps,False,"(957854915194126339, 957854915194126336)"
887967715057365012,,False,"(957854915194126339, 957854915194126336)"
1125418784837079060,Thu H∆∞∆°ng - DS,False,"(957854915194126339, 957854915194126336)"
1170324840436215839,Duy,False,"(957854915194126339, 957854915194126336)"
852201838061027399,‚ú®Thao‚ú®,False,"(957854915194126339, 957854915194126336)"
361876066408726528,Hayata,False,"(957854915194126339, 957854915194126336)"
997513038238318712,My Dung Hoang,False,"(957854915194126339, 957854915194126336)"
275229805111148545,c√∫n kh·ªßng long,False,"(957854915194126339, 957854915194126336)"
1192665537357037619,Jeanie,False,"(957854915194126339, 957854915194126336)"
332158310503677953,Chon,False,"(957854915210915872, 957854915194126339, 957854915210915870, 957854915210915871, 957854915194126336)"
872781096541106187,AustinQuangNguyen,False,"(957854915194126339, 957854915210915870, 957854915210915871, 957854915194126336)"
1184055264421347358,Selena,False,"(957854915194126339, 957854915194126336)"
1009811577811251331,tranphungan,False,"(957854915194126339, 957854915210915870, 957854915210915871, 957854915194126336)"
969206546041036890,QuangVinh_DS,False,"(957854915194126339, 957854915194126336)"
870433033017229362,Joeyyy,False,"(1087359176323383368, 957854915194126339, 957854915194126336)"
906457648298332191,kimvinh1,False,"(957854915194126339, 957854915194126336)"
183352963014721536,,True,"(957854915194126336,)"
221844975317417984,Nanakoro,False,"(957854915194126339, 957854915194126336)"
1162253232094068747,Mai Vi,False,"(957854915194126339, 957854915194126336)"
909460933628272711,Thao,False,"(957854915194126339, 957854915194126336)"
758535348623376385,Trung Ngo,False,"(957854915227697163, 957854915210915870, 957854915194126336)"
1175824488974266490,Tr√∫c,False,"(957854915194126339, 957854915194126336)"
871047109212778546,H·∫° Vy,False,"(957854915194126339, 957854915210915870, 957854915210915871, 957854915194126336)"
1140589416629415957,Van Anh,False,"(957854915194126339, 957854915194126336)"
1142755025999908866,KhanhLinh Tran,False,"(957854915194126339, 957854915194126336)"
764132579976020010,Trung DS,False,"(957854915194126339, 957854915194126336)"
295244259181854721,CowBiBo,False,"(957854915194126339, 957854915194126336)"
706149434190200884,meiz,False,"(957854915194126339, 957854915194126336)"
844414384201007174,An DS,False,"(957854915194126339, 957854915194126336)"
905016086041329694,CrossKaizer,False,"(957854915194126339, 957854915194126336)"
920975158125133915,Trang Pham (92),False,"(957854915194126339, 957854915194126336)"
1210814753572782160,Thanh Hi·ªÅn,False,"(957854915194126339, 957854915194126336)"
994541420838912030,,False,"(957854915227697162, 957854915210915870, 957854915194126336)"
1082281946031333487,huyentn,False,"(957854915194126339, 957854915194126336)"
757260542506303549,Ph∆∞∆°ng Anh,False,"(957854915194126339, 957854915194126336)"
1180129856684564511,Thanh Nh√£,False,"(957854915194126339, 957854915194126336)"
865637879132061708,B√°ch,False,"(957854915194126339, 957854915194126336)"
471957727753666561,An Nguyen Thanh,False,"(957854915227697163, 957854915194126336)"
1111642982500814878,cuchoang,False,"(957854915194126339, 957854915194126336)"
756165644554338437,nguyenhoang,False,"(957854915194126339, 957854915194126336)"
1214095592372969505,Sarah,False,"(957854915227697162, 957854915194126339, 957854915194126336)"
985565105339113583,,False,"(957854915194126339, 957854915194126336)"
373159632232775681,Morty,False,"(957854915194126339, 957854915194126336)"
1179626956107567134,Ng·ªçc,False,"(957854915194126339, 957854915194126336)"
1142856528181858304,Kim,False,"(957854915194126339, 957854915194126336)"
328471412689862657,Tu·∫•n Nguy·ªÖn,False,"(957854915194126339, 957854915210915870, 957854915210915871, 957854915194126336)"
840069569057652737,minhvu,False,"(957854915194126339, 957854915194126336)"
952771487784382515,cuongtran2907,False,"(957854915194126339, 957854915194126336)"
1132522774523564042,Mai L·ªôc,False,"(1126099899696562296, 957854915194126339, 957854915194126336)"
1185235333122621472,Nam Thanh,False,"(957854915194126339, 957854915194126336)"
1150667536048853032,Nhung Pham,False,"(957854915194126339, 957854915194126336)"
1135325096077180961,√Ånh.0194 (Andie),False,"(957854915194126339, 957854915194126336)"
986278651941236776,tupham,False,"(957854915227697163, 957854915210915870, 957854915194126336)"
867417326751711252,,False,"(957854915194126339, 1092437472253857852, 957854915194126336)"
899548694905516073,Nhi,False,"(957854915194126339, 957854915210915870, 957854915210915871, 957854915194126336)"
1097476454125670430,Hien Le,False,"(1097364307550949521, 957854915194126339, 957854915194126336)"
897861128787460146,Ng·ªçc Minh üòáüò∏,False,"(957854915194126339, 957854915194126336)"
984301204198797342,Hientran,False,"(957854915227697162, 957854915194126336)"
930513774018977862,vietn523,False,"(957854915227697162, 957854915194126336)"
867459369254518784,stvntdm,False,"(957854915194126339, 957854915210915870, 957854915194126336)"
548888131944841216,Tran Manh Thang - DS,False,"(957854915227697163, 957854915194126336)"
786592020289290242,,False,"(957854915194126339, 957854915194126336)"
757600620097044480,M√™ √¢m ƒë·∫°o sƒ©,False,"(957854915194126339, 957854915194126336)"
895622727996670002,Nh·ªõ - OiLaChoi,False,"(957854915194126339, 957854915194126336)"
988322893513519177,Lam,False,"(957854915194126339, 957854915210915870, 957854915210915871, 957854915194126336)"
1142384871172481024,Quyen DAE,False,"(957854915194126339, 957854915194126336)"
678533745204264992,Ngan Kieu DS,False,"(957854915194126339, 957854915194126336)"
1202520042626089000,Suphanut,False,"(957854915194126339, 957854915194126336)"
761969047226155028,ThaoNguyen,False,"(957854915227697163, 957854915210915870, 957854915194126336)"
775968414824923136,Quynhtho,False,"(957854915194126339, 957854915210915870, 957854915194126336)"
1008720862523969596,M·∫°nh Tu·∫•n,False,"(957854915194126339, 957854915194126336)"
779558104403542037,Chloe_Nguyen,False,"(957854915227697163, 957854915210915870, 957854915194126336)"
941986966877118485,Ngo Tung,False,"(957854915194126339, 957854915210915870, 957854915210915871, 957854915194126336)"
1102589825120477277,dhbinh1221,False,"(957854915194126339, 957854915194126336)"
418690734904836119,thi,False,"(957854915194126339, 957854915210915870, 957854915194126336)"
1021268805692952646,Tuyennguyen0386,False,"(957854915194126339, 957854915194126336)"
823506345852272640,H√† Y√™n,False,"(957854915227697163, 957854915210915870, 957854915194126336)"
1124990514605854800,Margaret - DS,False,"(957854915194126339, 957854915194126336)"
1019089869512904794,H·ªìng ƒêoan,False,"(1018872874217508924, 957854915194126336)"
852406917854920735,Nhat Duy,False,"(957854915194126339, 957854915194126336)"
1031447771405885490,linhlinh2204,False,"(957854915194126339, 957854915210915870, 957854915194126336)"
1019469477953421322,Trang -DS,False,"(1018872874217508924, 957854915194126336)"
931124596927791135,bmh,False,"(957854915227697163, 957854915194126336)"
758354556412493845,nmtmike,False,"(957854915194126339, 957854915210915870, 957854915210915871, 957854915194126336)"
430916403642630144,Quan Tran,False,"(957854915227697163, 957854915210915870, 957854915194126336)"
406467560423424011,GunT,False,"(957854915194126339, 957854915194126336)"
873398014125932544,Hannie üå∏,False,"(973873459945959424, 957854915194126337, 957854915194126338, 1087359176323383368, 957854915227697162, 957854915194126336)"
1207988175394316299,Qu·ª≥nh Th∆∞,False,"(957854915194126339, 957854915194126336)"
1104991637773492264,tiendoannt,False,"(957854915194126339, 957854915194126336)"
1217419069918150720,Phat MX,False,"(957854915194126339, 957854915194126336)"
1197075045080633428,Truc Ly,False,"(957854915194126339, 957854915194126336)"
1004649305522581565,Thuy Duong,False,"(957854915227697162, 957854915194126336)"
385801013736636418,Viet PK,False,"(957854915194126339, 957854915194126336)"
1130415467161468948,Thuy An Lam - DS,False,"(1126099899696562296, 957854915194126339, 957854915194126336)"
1208078269740621915,Ngan Ly,False,"(957854915194126339, 957854915194126336)"
904193128326656030,,False,"(957854915194126339, 957854915194126336)"
695917229321224204,krystalmai,False,"(957854915227697162, 957854915194126336)"
1113669573980459059,Han Vu,False,"(957854915227697163, 957854915194126336)"
1060832559161942106,,False,"(957854915210915872, 957854915194126339, 957854915210915870, 957854915210915871, 957854915194126336)"
202737319273431040,Wie,False,"(957854915194126339, 957854915194126336)"
1043726050879873155,Van Anh,False,"(957854915194126339, 957854915210915870, 957854915210915871, 957854915194126336)"
640041306575601665,wAry,False,"(957854915194126339, 957854915210915870, 957854915194126336)"
1214048985925296132,Kh√°nh Tuy·ªÅn,False,"(957854915194126339, 957854915194126336)"
758709211868823565,,False,"(957854915194126339, 957854915194126336)"
1142745169775562773,Thuong/Jade_DS,False,"(957854915194126339, 957854915194126336)"
391161921362984960,Quang Di·ªán,False,"(957854915194126339, 957854915194126336)"
1132328568983142520,MaiLoc_1802,False,"(957854915194126339, 957854915194126336)"
404122366621384706,Dz≈©ng Nguy·ªÖn,False,"(957854915227697162, 957854915194126339, 957854915210915870, 957854915194126336)"
1197739585564835861,Linhlinh DS,False,"(957854915194126339, 957854915194126336)"
1150396201137610813,Ly Ngoc Thanh,False,"(957854915194126339, 957854915194126336)"
426996378510557184,LamborChinese,False,"(957854915194126339, 957854915210915870, 957854915210915871, 957854915194126336)"
1062004575957172304,T·ªë Khanh,False,"(957854915194126339, 957854915194126336)"
1170993412762247231,PHAN VAN THOAI,False,"(957854915194126339, 957854915194126336)"
888369994356908052,Mai2808,False,"(957854915194126338, 957854915210915870, 957854915194126336)"
1163378090970460160,Ginm,False,"(957854915194126339, 957854915194126336)"
866567017134030850,MinhNNT,False,"(957854915210915872, 973873459945959424, 957854915194126338, 957854915227697163, 957854915210915870, 957854915210915871, 957854915194126336)"
902500240379240489,Zuckurry,False,"(957854915194126339, 957854915194126336)"
1197756638833152082,Sol,False,"(957854915194126339, 957854915194126336)"
907876772954140673,REM,False,"(957854915194126339, 957854915194126336)"
913984380660219905,QUOC BUU,False,"(957854915194126339, 957854915210915870, 957854915194126336)"
366135092583727117,rimn,False,"(957854915227697162, 957854915194126336)"
937348199763550228,Reiiiiiiiii,False,"(957854915194126339, 957854915194126336)"
1135407577308594218,van,False,"(957854915194126339, 957854915194126336)"
1034490133690470502,Cuong Nguyen,False,"(957854915194126339, 957854915194126336)"
1224900958685888653,Nguyen Tram,False,"(957854915194126339, 957854915194126336)"
908351553436516362,lalalalala,False,"(957854915194126339, 957854915194126336)"
944433302192926720,Hin,False,"(957854915194126339, 957854915194126336)"
886944940125454346,hiep,False,"(957854915194126339, 957854915194126336)"
1209759097847808072,B·∫£o H√¢n,False,"(957854915194126339, 957854915194126336)"
799663797270872095,Lam Ngo,False,"(973873459945959424, 957854915227697162, 957854915227697163, 1194665960376901773, 1126099899696562296, 973873460411506719, 957854915210915870, 957854915210915871, 957854915194126336)"
1017964555822973018,Thien An,False,"(957854915194126339, 957854915194126336)"
565891082815012874,Duc_ltm,False,"(957854915227697163, 957854915194126336)"
1223951665887973457,QuanLe,False,"(957854915194126339, 957854915194126336)"
830530156048285716,,True,"(958299243255320609, 957854915227697164, 957854915194126336)"
368105370532577280,,True,"(1004256661826961410, 957854915194126339, 957854915194126336)"
882541307556417557,Hong DS,False,"(957854915194126339, 957854915194126336)"
489451033974538240,dragonoid0811,False,"(957854915194126339, 957854915194126336)"
971771036251070474,Khue Tran,False,"(957854915194126339, 957854915210915870, 957854915210915871, 957854915194126336)"
990992466595430501,phuonglanhara,False,"(957854915210915872, 957854915210915873, 957854915194126339, 957854915210915870, 957854915210915871, 957854915194126336)"
1097467166879666218,Son Vo,False,"(1097364307550949521, 957854915194126339, 957854915194126336)"
323384222075322368,khng ngng,False,"(957854915194126339, 957854915194126336)"
1218124015663583355,ƒê·∫∑ng Thanh T√πng,False,"(957854915194126339, 957854915194126336)"
1163679189212340335,jenny1234,False,"(957854915194126339, 957854915194126336)"
1001118007948488776,Trang Tr,False,"(957854915210915872, 957854915194126339, 957854915210915870, 957854915210915871, 957854915194126336)"
1077859463937142886,phuonganh,False,"(957854915194126339, 957854915194126336)"
833342843018805292,phuchoangle,False,"(957854915194126339, 957854915210915870, 957854915210915871, 957854915194126336)"
1216581902505349231,Kevin Thai,False,"(957854915194126339, 957854915194126336)"
475115531746410497,,False,"(957854915227697163, 957854915210915870, 957854915194126336)"
910792416020291614,,False,"(957854915227697163, 957854915194126336)"
1034507805375340646,luckrolling,False,"(957854915194126339, 957854915194126336)"
1197459570222714951,Tran Minh Hieu,False,"(957854915194126339, 957854915194126336)"
962624035815034890,,False,"(957854915227697163, 957854915210915870, 957854915194126336)"
1157246316804587520,VyPhan,False,"(957854915194126339, 957854915194126336)"
968037242473947197,cam le,False,"(957854915194126339, 957854915210915870, 957854915194126336)"
767099094589898783,Kevin Nguyen | TTT üáªüá≥,False,"(957854915194126339, 957854915210915870, 957854915194126336)"
1225375931300970556,,True,"(1225376633159159858, 957854915194126339, 957854915194126336)"
1018871801272602734,Thy Cao,False,"(1018872874217508924, 957854915194126336)"
1032281266608939018,huynhbao,False,"(957854915194126339, 957854915194126336)"
320953043531071499,BeluKotu,False,"(957854915194126339, 957854915194126336)"
726301874348621865,ptran1203,False,"(957854915227697163, 957854915194126336)"
994888756094042152,Nguy√™n C√¥ng H·∫≠u,False,"(957854915227697163, 957854915210915870, 957854915194126336)"
873528451141894154,Th·ªãnh,False,"(957854915194126339, 957854915194126336)"
1209065970614927400,√Çn √Çnn,False,"(957854915194126339, 957854915194126336)"
868151048911593573,Ti·ªÉu M·∫´n,False,"(957854915194126339, 957854915194126336)"
407066470464356363,Khoa,False,"(957854915194126339, 957854915194126336)"
1074975237323624478,Lily (Duong) Nguyen,False,"(957854915194126339, 957854915210915870, 957854915194126336)"
914065726279675985,TanPhuoc,False,"(957854915194126339, 957854915210915870, 957854915194126336)"
1214041211183038504,Chi Trieu,False,"(957854915194126339, 957854915194126336)"
760879331630907464,,False,"(957854915194126339, 957854915210915870, 957854915210915871, 957854915194126336)"
1154691072665067600,Micky Huynh,False,"(957854915194126337, 957854915227697162, 957854915194126336)"
859782454294216714,Denny,False,"(957854915194126339, 957854915194126336)"
873217486500298862,Ngan.Tran,False,"(957854915227697162, 957854915194126336)"
1091722285926330449,MinhNH,False,"(957854915194126339, 957854915210915870, 957854915194126336)"
1197556518040641566,Duy Nguyen,False,"(957854915194126339, 957854915194126336)"
330568623997583360,t.c.t.t,False,"(957854915227697163, 957854915210915870, 957854915194126336)"
916496422587744327,,False,"(957854915194126339, 957854915210915870, 957854915194126336)"
765485996707676160,skyisblue,False,"(957854915194126339, 957854915210915870, 957854915210915871, 957854915194126336)"
1015623306990338220,Huy·ªÅn Thanh,False,"(957854915194126339, 957854915210915870, 957854915194126336)"
1169909429257375776,Bao Tram,False,"(957854915194126339, 957854915194126336)"
1179333853962305616,Ngan Pham,False,"(957854915194126339, 957854915194126336)"
184405311681986560,,True,"(957854915194126336,)"
600253623435264020,Anh Nguy·ªÖn,False,"(957854915194126339, 957854915194126336)"
1034783527117533184,,True,"(1034786476925386814, 957854915194126336)"
586223126136750110,Huy Ho√†ng,False,"(957854915194126339, 957854915194126336)"
470078821371215892,Kieu Huy - DS,False,"(957854915194126339, 957854915194126336)"
504876330148429824,binhhaha,False,"(957854915194126339, 957854915194126336)"
1031220869466439820,vietnghia170197,False,"(957854915194126339, 957854915194126336)"
1225446818968764457,Trang Le,False,"(957854915194126339, 957854915194126336)"
1120324456695476366,Nh√¢n H√†o,False,"(957854915194126339, 957854915194126336)"
1097031083243098235,Hieu,False,"(1097364307550949521, 957854915194126339, 957854915194126336)"
467738548452196362,Claudia,False,"(957854915227697162, 957854915194126336)"
818769438752636958,Doris,False,"(957854915194126339, 957854915194126336)"
1175060999628410902,Ph·∫°m B√° C∆∞·ªùng,False,"(957854915194126339, 957854915194126336)"
821009644381143041,CoderSchool-Trang,False,"(957854915227697162, 957854915194126336)"
1030402794777219093,S√°ng,False,"(957854915227697163, 957854915194126336)"
567383216831332352,sonnguyen,False,"(957854915194126339, 957854915194126336)"
952835115262820352,Sumiheo,False,"(957854915210915872, 957854915194126337, 957854915194126339, 1087359176323383368, 957854915227697162, 957854915210915871, 957854915210915870, 973873460411506719, 957854915194126336)"
986474746780745758,Qu√≠ Tr·∫ßn,False,"(957854915194126339, 957854915194126336)"
993511668481011752,Uyen Tran,False,"(957854915194126339, 957854915194126336)"
1217729196508450868,Ng·ªçc Ch√¢u,False,"(957854915194126339, 957854915194126336)"
1104304731024793602,B√°ch Phan,False,"(957854915194126339, 957854915194126336)"
579005750064578580,DarthAnDreW,False,"(957854915194126339, 957854915194126336)"
1060108692990734366,Hue,False,"(957854915194126339, 957854915210915870, 957854915194126336)"
952123268024897556,Hoa Nguyen_DS,False,"(957854915194126339, 957854915210915870, 957854915210915871, 957854915194126336)"
961636003502755910,,False,"(957854915227697163, 957854915194126336)"
1170018899484479558,Mai Phan,False,"(957854915194126339, 957854915194126336)"
1179453252522229826,Mr P,False,"(957854915194126339, 957854915194126336)"
1150680267309207592,mr. Neo,False,"(957854915194126339, 957854915194126336)"
1114172543222435860,Duy Ph∆∞∆°ng,False,"(957854915194126339, 957854915194126336)"
1004632454172246117,Thu Dau,False,"(957854915194126339, 957854915194126336)"
1015266070526955673,Thanh Hi·ªÅn,False,"(957854915210915872, 957854915194126339, 957854915210915870, 957854915210915871, 957854915194126336)"
703412373159149638,phucnsp,False,"(957854915227697163, 957854915194126336)"
568831655087964160,Tat Tran,False,"(957854915194126339, 957854915210915870, 957854915194126336)"
959409946687062068,,False,"(957854915194126339, 957854915210915870, 957854915210915871, 957854915194126336)"
1128262757310013481,Tr.Hu.Lan,False,"(957854915194126339, 957854915194126336)"
886980879468081264,Anh Nguyen,False,"(957854915194126339, 957854915194126336)"
756147653745573909,bichthao28 DS,False,"(957854915194126339, 957854915194126336)"
973894505872912425,Tea üå±,False,"(957854915227697162, 957854915194126336)"
1036179613971386439,,False,"(957854915194126339, 957854915194126336)"
1198183951773208586,Hoang Dang,False,"(957854915194126339, 957854915194126336)"
159985870458322944,,True,"(957854915227697164, 957869362361016333, 957854915194126336)"
1205519074528854117,Luna,False,"(957854915194126339, 957854915194126336)"
754586847216140300,Sang Dang,False,"(957854915194126339, 1194665960376901773, 957854915194126336)"
371060108572098564,Minh Ngo,False,"(957854915194126339, 957854915210915870, 957854915194126336)"
1146152597410033715,Hien,False,"(957854915227697163, 957854915194126336)"
891277487907155979,kimhoang279,False,"(957854915194126339, 957854915210915870, 957854915210915871, 957854915194126336)"
856199980946292736,,False,"(957854915194126339, 957854915194126336)"
973255287165288499,Minh Luong,False,"(957854915194126339, 957854915194126336)"
654192261633933361,itBoy19,False,"(957854915194126339, 957854915210915870, 957854915194126336)"
638377022527242240,nhanphan,False,"(973873459945959424, 957854915227697162, 957854915194126336)"
739881666558034080,Alice,False,"(957854915210915872, 957854915210915873, 973873459945959424, 957854915227697162, 957854915210915871, 957854915210915870, 973873460411506719, 957854915194126336)"
885892407697235975,Hoang Tong,False,"(957854915210915872, 957854915210915873, 957854915194126339, 957854915210915870, 957854915210915871, 957854915194126336)"
1162405844412022834,Fiona_nnmt,False,"(957854915194126339, 957854915194126336)"
1155791644046655548,Dieu Linh (CoderSchool),False,"(957854915194126337, 957854915227697162, 957854915194126336)"
1140164244428562514,Charlie H.,False,"(957854915194126339, 957854915194126336)"
973230824050819082,,False,"(957854915194126339, 957854915194126336)"
745299661350240376,,False,"(957854915194126339, 957854915194126336)"
855816804970922017,ghgggg,False,"(957854915227697163, 957854915210915870, 957854915194126336)"
1209092451072213023,B·∫£o H√¢n,False,"(957854915194126339, 957854915194126336)"
782194602102095912,Mai Nguyen,False,"(957854915194126339, 957854915194126336)"
361909741817167872,DeStalinüëë,False,"(957854915194126339, 957854915194126336)"
689830253690093695,Tu·∫•n Khang,False,"(957854915194126339, 957854915194126336)"
937566357149581353,,False,"(957854915194126339, 1092437472253857852, 957854915194126336)"
1090750875212992632,Cheri,False,"(957854915194126339, 957854915194126336)"
1130344702332375130,Nguy√™n Nguy·ªÖn,False,"(957854915194126339, 957854915194126336)"
1149672789356318842,Trinh,False,"(957854915194126339, 957854915194126336)"
815706256463364116,Obi-Wan,False,"(957854915194126337, 957854915194126338, 957854915227697162, 957854915227697163, 1194665960376901773, 957854915194126336)"
1212300549689442384,Vy Tr·∫ßn-CoderSchool,False,"(957854915194126339, 957854915194126336)"
920905928751067177,Phuong,False,"(957854915194126339, 957854915194126336)"
702350785224114237,Nguyen Tri Thuc,False,"(957854915194126339, 957854915194126336)"
1169890219781263390,Tommy Do,False,"(957854915194126339, 957854915194126336)"
867595933776740373,Kimquyen2212,False,"(957854915194126339, 957854915194126336)"
1192689425222738013,Ng√¥ Thuy,False,"(957854915194126339, 957854915194126336)"
1202516794192175125,Patcha,False,"(957854915194126339, 957854915194126336)"
607783914873815061,Tam,False,"(957854915194126339, 957854915194126336)"
1150663352369033277,Van Nguyen,False,"(957854915194126339, 957854915194126336)"
936929561302675456,,True,"(1040053215108009986, 957854915194126336)"
1197756723776208936,Vi,False,"(957854915194126339, 957854915194126336)"
1133580542139445258,Hue Man,False,"(957854915194126339, 957854915194126336)"
959358170462048256,Trang,False,"(957854915194126339, 957854915210915870, 957854915194126336)"
739467631119302778,Nh·∫≠t Huy,False,"(957854915194126339, 957854915194126336)"
322990339143106573,Eldo,False,"(957854915194126339, 957854915194126336)"
813622773552381993,Johnny Huynh,False,"(957854915194126339, 957854915210915870, 957854915194126336)"
1142477711055527997,Linh,False,"(957854915194126339, 957854915194126336)"
1159821459078783047,R00lc!3,False,"(957854915194126339, 957854915194126336)"
1076376975628832778,Nguy√™n-DS,False,"(957854915194126339, 957854915194126336)"
1008673711701893190,hangmun,False,"(957854915194126336,)"
1143065544954740757,lushie.d,False,"(957854915194126336,)"
1208779898517332028,Qu·ª≥nh Th∆∞,False,"(957854915194126336,)"
1129313088773050418,bmh,False,"(957854915194126336,)"
1039173090619428955,B√πi Ng·ªçc H√†nh-DS,False,"(957854915194126336,)"
1222899777713475677,Kh√°nh,False,"(957854915194126336,)"
1019091826340282389,V≈© Ho√†ng H·∫£i,False,"(957854915194126336,)"
1061068374983065650,uqthaoho,False,"(957854915194126336,)"
921311254646243348,Minh Duyen,False,"(957854915194126336,)"
1053313878282469448,Austin Quang Nguyen,False,"(957854915194126336,)"
979352791367696394,zombie,False,"(957854915194126336,)"
1221660889254461580,Louci,False,"(957854915194126336,)"
971779608678641664,Kass,False,"(957854915194126336,)"
1018869875868962896,huygnut,False,"(957854915194126336,)"
1009767762052264007,hanhhiu93,False,"(957854915194126336,)"
1146350237657612338,Ngan Do _ Coderschool,False,"(957854915194126336,)"
992419719434993785,kimhoang279,False,"(957854915194126336,)"
716550770404884541,GnauqeL,False,"(957854915194126336,)"
1179333996128243774,ValerieHoang,False,"(957854915194126336,)"
1007289128083280023,HaiVu,False,"(957854915194126336,)"
1192743406879911998,B·∫£o Nguy·ªÖn,False,"(957854915194126336,)"
1225417364875776031,izynee_,False,"(957854915194126336,)"
767002274496643072,Nikko,False,"(957854915194126336,)"
772794557611114496,Chinh,False,"(957854915194126336,)"
991038539905007636,Ann Ngo,False,"(957854915194126336,)"
1008734690624151576,Nguy·ªÖn T∆∞ Di·ªÖn,False,"(957854915194126336,)"
936679890768506891,LeNguyenKhang,False,"(957854915194126336,)"
1197749857255952404,Tuy·ªÅn,False,"(957854915194126336,)"
756170888725921814,√Çn ƒê·ªó,False,"(957854915194126336,)"
1082580671442194462,huyentn,False,"(957854915194126336,)"
1176054900132691981,Michae,False,"(957854915194126336,)"
1007186759890780210,Nguyen Minh Anh,False,"(957854915194126336,)"
1163311644542255134,Fiona,False,"(957854915194126336,)"
1185392961958195350,Uy√™n,False,"(957854915194126336,)"
1163685247905439855,Jenny171023,False,"(957854915194126336,)"
1197492362667118615,Mai Anh,False,"(957854915194126336,)"
970884594847080508,Trieu,False,"(957854915194126336,)"
1097514245396115456,Dai Nguyen,False,"(957854915194126336,)"
1169906544591241237,Jasmine,False,"(957854915194126336,)"
451324195603873792,TheLord,False,"(957854915194126336,)"
1020600529765793877,lulutata1212,False,"(957854915194126336,)"
1170233283091628063,lan,False,"(957854915194126336,)"
1163449251314012260,thao89,False,"(957854915194126336,)"
881195980790300754,truongthikimcuc,False,"(957854915194126336,)"
990900506207600640,,True,"(957854915194126336,)"
1223960567643901983,QuanLe,False,"(957854915194126336,)"
1075379562323640330,Phuel_2805,False,"(957854915194126336,)"
1166203649127633026,Hai Au,False,"(957854915194126336,)"
1002860829504458893,Tan_Phuoc,False,"(957854915194126336,)"
1137904295501635645,Quynh Doan,False,"(957854915194126336,)"
826330447188852756,,False,"(957854915194126336,)"
1143090942748921916,cuc hoang,False,"(957854915194126336,)"
1015485565531082862,D≈©ng Nguy·ªÖn,False,"(957854915194126336,)"
1197739210266919033,Linh Quan,False,"(957854915194126336,)"
1180410190969974815,Dangkhoa1301,False,"(957854915194126336,)"
1179368993564409881,Huong Nguyen,False,"(957854915194126336,)"
1198245821720830023,Dung M,False,"(957854915194126336,)"
1169922148169683087,Huong Hannah,False,"(957854915194126336,)"
1016322958333067314,quynh1331,False,"(957854915194126336,)"
1194856693880856628,Sophie,False,"(957854915194126336,)"
1008740934462222469,Ph∆∞∆°ng Nam,False,"(957854915194126336,)"
691548851253018625,chem1st,False,"(957854915194126336,)"
1120328616924958752,H√†o,False,"(957854915194126336,)"
987027225519992853,Jazmin Phan,False,"(957854915194126336,)"
1092242935447310447,Nhut,False,"(957854915194126336,)"
1209742709812764734,B·∫£o H√¢n,False,"(957854915194126336,)"
1143173944233431160,Kim,False,"(957854915194126336,)"
1008732551076122734,Nguy·ªÖn T∆∞ Di·ªÖn,False,"(957854915194126336,)"
988299760207265873,Th·∫£o Tr·∫ßn,False,"(957854915194126336,)"
1204315524989980783,Viet,False,"(957854915194126336,)"
1054339169901625344,Son Vo,False,"(957854915194126336,)"
991651740833296464,dinhgent,False,"(957854915194126336,)"
1218124650085744661,ƒê·∫∑ng Thanh T√πng,False,"(957854915194126336,)"
988848409228234752,Thuy,False,"(957854915194126336,)"
953225396910960650,hoangdang,False,"(957854915194126336,)"
